,GeographyKey,City,StateProvinceCode,StateProvinceName,CountryRegionCode,EnglishCountryRegionName,SpanishCountryRegionName,FrenchCountryRegionName,PostalCode,SalesTerritoryKey,IpAddressLocator
0,1.0,Alexandria,NSW,New South Wales,AU,Australia,Australia,Australie,2015,9.0,198.51.100.2
1,2.0,Coffs Harbour,NSW,New South Wales,AU,Australia,Australia,Australie,2450,9.0,198.51.100.3
2,3.0,Darlinghurst,NSW,New South Wales,AU,Australia,Australia,Australie,2010,9.0,198.51.100.4
3,4.0,Goulburn,NSW,New South Wales,AU,Australia,Australia,Australie,2580,9.0,198.51.100.5
4,5.0,Lane Cove,NSW,New South Wales,AU,Australia,Australia,Australie,1597,9.0,198.51.100.6
5,6.0,Lavender Bay,NSW,New South Wales,AU,Australia,Australia,Australie,2060,9.0,198.51.100.7
6,7.0,Malabar,NSW,New South Wales,AU,Australia,Australia,Australie,2036,9.0,198.51.100.8
7,8.0,Matraville,NSW,New South Wales,AU,Australia,Australia,Australie,2036,9.0,198.51.100.9
8,9.0,Milsons Point,NSW,New South Wales,AU,Australia,Australia,Australie,2061,9.0,198.51.100.10
9,10.0,Newcastle,NSW,New South Wales,AU,Australia,Australia,Australie,2300,9.0,198.51.100.11
10,11.0,North Ryde,NSW,New South Wales,AU,Australia,Australia,Australie,2113,9.0,198.51.100.12
11,12.0,North Sydney,NSW,New South Wales,AU,Australia,Australia,Australie,2055,9.0,198.51.100.13
12,13.0,Port Macquarie,NSW,New South Wales,AU,Australia,Australia,Australie,2444,9.0,198.51.100.14
13,14.0,Rhodes,NSW,New South Wales,AU,Australia,Australia,Australie,2138,9.0,198.51.100.15
14,15.0,Silverwater,NSW,New South Wales,AU,Australia,Australia,Australie,2264,9.0,198.51.100.16
15,16.0,Springwood,NSW,New South Wales,AU,Australia,Australia,Australie,2777,9.0,198.51.100.17
16,17.0,St. Leonards,NSW,New South Wales,AU,Australia,Australia,Australie,2065,9.0,198.51.100.18
17,18.0,Sydney,NSW,New South Wales,AU,Australia,Australia,Australie,1002,9.0,198.51.100.19
18,19.0,Wollongong,NSW,New South Wales,AU,Australia,Australia,Australie,2500,9.0,198.51.100.20
19,20.0,Brisbane,QLD,Queensland,AU,Australia,Australia,Australie,4000,9.0,198.51.100.21
20,21.0,Caloundra,QLD,Queensland,AU,Australia,Australia,Australie,4551,9.0,198.51.100.22
21,22.0,East Brisbane,QLD,Queensland,AU,Australia,Australia,Australie,4169,9.0,198.51.100.23
22,23.0,Gold Coast,QLD,Queensland,AU,Australia,Australia,Australie,4217,9.0,198.51.100.24
23,24.0,Hawthorne,QLD,Queensland,AU,Australia,Australia,Australie,4171,9.0,198.51.100.25
24,25.0,Hervey Bay,QLD,Queensland,AU,Australia,Australia,Australie,4655,9.0,198.51.100.26
25,26.0,Rockhampton,QLD,Queensland,AU,Australia,Australia,Australie,4700,9.0,198.51.100.27
26,27.0,Townsville,QLD,Queensland,AU,Australia,Australia,Australie,4810,9.0,198.51.100.28
27,28.0,Cloverdale,SA,South Australia,AU,Australia,Australia,Australie,6105,9.0,198.51.100.29
28,29.0,Findon,SA,South Australia,AU,Australia,Australia,Australie,5023,9.0,198.51.100.30
29,30.0,Perth,SA,South Australia,AU,Australia,Australia,Australie,6006,9.0,198.51.100.31
30,31.0,Hobart,TAS,Tasmania,AU,Australia,Australia,Australie,7001,9.0,198.51.100.32
31,32.0,Bendigo,VIC,Victoria,AU,Australia,Australia,Australie,3550,9.0,198.51.100.33
32,33.0,Cranbourne,VIC,Victoria,AU,Australia,Australia,Australie,3977,9.0,198.51.100.34
33,34.0,Geelong,VIC,Victoria,AU,Australia,Australia,Australie,3220,9.0,198.51.100.35
34,35.0,Melbourne,VIC,Victoria,AU,Australia,Australia,Australie,3000,9.0,198.51.100.36
35,36.0,Melton,VIC,Victoria,AU,Australia,Australia,Australie,3337,9.0,198.51.100.37
36,37.0,Seaford,VIC,Victoria,AU,Australia,Australia,Australie,3198,9.0,198.51.100.38
37,38.0,South Melbourne,VIC,Victoria,AU,Australia,Australia,Australie,3205,9.0,198.51.100.39
38,39.0,Sunbury,VIC,Victoria,AU,Australia,Australia,Australie,3429,9.0,198.51.100.40
39,40.0,Warrnambool,VIC,Victoria,AU,Australia,Australia,Australie,3280,9.0,198.51.100.41
40,41.0,Calgary,AB,Alberta,CA,Canada,Canada,Canada,T2P 2G8,6.0,198.51.100.42
41,42.0,Edmonton,AB,Alberta,CA,Canada,Canada,Canada,T5,6.0,198.51.100.43
42,43.0,Burnaby,BC,British Columbia,CA,Canada,Canada,Canada,V3J 6Z3,6.0,198.51.100.44
43,44.0,Burnaby,BC,British Columbia,CA,Canada,Canada,Canada,V5A 3A6,6.0,198.51.100.45
44,45.0,Burnaby,BC,British Columbia,CA,Canada,Canada,Canada,V5A 4X1,6.0,198.51.100.46
45,46.0,Burnaby,BC,British Columbia,CA,Canada,Canada,Canada,V5G 4S4,6.0,198.51.100.47
46,47.0,Burnaby,BC,British Columbia,CA,Canada,Canada,Canada,V5G 4W1,6.0,198.51.100.48
47,48.0,Burnaby,BC,British Columbia,CA,Canada,Canada,Canada,V5H 3Z7,6.0,198.51.100.49
48,49.0,Cliffside,BC,British Columbia,CA,Canada,Canada,Canada,V8Y 1L1,6.0,198.51.100.50
49,50.0,Haney,BC,British Columbia,CA,Canada,Canada,Canada,V2W 1W2,6.0,198.51.100.51
50,51.0,Langford,BC,British Columbia,CA,Canada,Canada,Canada,V9,6.0,198.51.100.52
51,52.0,Langley,BC,British Columbia,CA,Canada,Canada,Canada,V3A 4R2,6.0,198.51.100.53
52,53.0,Metchosin,BC,British Columbia,CA,Canada,Canada,Canada,V9,6.0,198.51.100.54
53,54.0,N. Vancouver,BC,British Columbia,CA,Canada,Canada,Canada,V7L 4J4,6.0,198.51.100.55
54,55.0,Newton,BC,British Columbia,CA,Canada,Canada,Canada,V2L3W8,6.0,198.51.100.56
55,56.0,Newton,BC,British Columbia,CA,Canada,Canada,Canada,V2M1N7,6.0,198.51.100.57
56,57.0,Newton,BC,British Columbia,CA,Canada,Canada,Canada,V2M1P1,6.0,198.51.100.58
57,58.0,Newton,BC,British Columbia,CA,Canada,Canada,Canada,V2M1S6,6.0,198.51.100.59
58,59.0,Oak Bay,BC,British Columbia,CA,Canada,Canada,Canada,V8P,6.0,198.51.100.60
59,60.0,Port Hammond,BC,British Columbia,CA,Canada,Canada,Canada,V6B 3P7,6.0,198.51.100.61
60,61.0,Richmond,BC,British Columbia,CA,Canada,Canada,Canada,V6B 3P7,6.0,198.51.100.62
61,62.0,Royal Oak,BC,British Columbia,CA,Canada,Canada,Canada,V8X,6.0,198.51.100.63
62,63.0,Shawnee,BC,British Columbia,CA,Canada,Canada,Canada,V8Z 4N5,6.0,198.51.100.64
63,64.0,Shawnee,BC,British Columbia,CA,Canada,Canada,Canada,V9B 2C3,6.0,198.51.100.65
64,65.0,Shawnee,BC,British Columbia,CA,Canada,Canada,Canada,V9B 5T2,6.0,198.51.100.66
65,66.0,Sooke,BC,British Columbia,CA,Canada,Canada,Canada,V0,6.0,198.51.100.67
66,67.0,Surrey,BC,British Columbia,CA,Canada,Canada,Canada,V3T 4W3,6.0,198.51.100.68
67,68.0,Vancouver,BC,British Columbia,CA,Canada,Canada,Canada,V7L 4J4,6.0,198.51.100.69
68,69.0,Victoria,BC,British Columbia,CA,Canada,Canada,Canada,V8V,6.0,198.51.100.70
69,70.0,Westminster,BC,British Columbia,CA,Canada,Canada,Canada,V3L 1E7,6.0,198.51.100.71
70,71.0,Westminster,BC,British Columbia,CA,Canada,Canada,Canada,V3L 1H4,6.0,198.51.100.72
71,72.0,Winnipeg,MB,Manitoba,CA,Canada,Canada,Canada,R3,6.0,198.51.100.73
72,73.0,Saint John,NB,Brunswick,CA,Canada,Canada,Canada,E2P 1E3,6.0,198.51.100.74
73,74.0,Aurora,ON,Ontario,CA,Canada,Canada,Canada,L4G 7N6,6.0,198.51.100.75
74,75.0,Barrie,ON,Ontario,CA,Canada,Canada,Canada,L4N,6.0,198.51.100.76
75,76.0,Brampton,ON,Ontario,CA,Canada,Canada,Canada,L6W 2T7,6.0,198.51.100.77
76,77.0,Chalk Riber,ON,Ontario,CA,Canada,Canada,Canada,K0J 1J0,6.0,198.51.100.78
77,78.0,Etobicoke,ON,Ontario,CA,Canada,Canada,Canada,M9W 3P3,6.0,198.51.100.79
78,79.0,Kanata,ON,Ontario,CA,Canada,Canada,Canada,K2L 1H5,6.0,198.51.100.80
79,80.0,Kingston,ON,Ontario,CA,Canada,Canada,Canada,7L,6.0,198.51.100.81
80,81.0,Markham,ON,Ontario,CA,Canada,Canada,Canada,L3S 3K2,6.0,198.51.100.82
81,82.0,Mississauga,ON,Ontario,CA,Canada,Canada,Canada,L4W 5J3,6.0,198.51.100.83
82,83.0,Mississauga,ON,Ontario,CA,Canada,Canada,Canada,L5A 1H6,6.0,198.51.100.84
83,84.0,Mississauga,ON,Ontario,CA,Canada,Canada,Canada,L5B 3V4,6.0,198.51.100.85
84,85.0,Nepean,ON,Ontario,CA,Canada,Canada,Canada,K2J 2W5,6.0,198.51.100.86
85,86.0,North York,ON,Ontario,CA,Canada,Canada,Canada,M4C 4K6,6.0,198.51.100.87
86,87.0,Ottawa,ON,Ontario,CA,Canada,Canada,Canada,K4B 1S1,6.0,198.51.100.88
87,88.0,Ottawa,ON,Ontario,CA,Canada,Canada,Canada,K4B 1S2,6.0,198.51.100.89
88,89.0,Ottawa,ON,Ontario,CA,Canada,Canada,Canada,K4B 1S3,6.0,198.51.100.90
89,90.0,Ottawa,ON,Ontario,CA,Canada,Canada,Canada,K4B 1T7,6.0,198.51.100.91
90,91.0,Richmond Hill,ON,Ontario,CA,Canada,Canada,Canada,L4E 3M5,6.0,198.51.100.92
91,92.0,Scarborough,ON,Ontario,CA,Canada,Canada,Canada,M1V 4M2,6.0,198.51.100.93
92,93.0,Toronto,ON,Ontario,CA,Canada,Canada,Canada,M4B 1V4,6.0,198.51.100.94
93,94.0,Toronto,ON,Ontario,CA,Canada,Canada,Canada,M4B 1V5,6.0,198.51.100.95
94,95.0,Toronto,ON,Ontario,CA,Canada,Canada,Canada,M4B 1V6,6.0,198.51.100.96
95,96.0,Toronto,ON,Ontario,CA,Canada,Canada,Canada,M4B 1V7,6.0,198.51.100.97
96,97.0,Vancouver,ON,Ontario,CA,Canada,Canada,Canada,V5T 1Y9,6.0,198.51.100.98
97,98.0,Waterloo,ON,Ontario,CA,Canada,Canada,Canada,N2V,6.0,198.51.100.99
98,99.0,Weston,ON,Ontario,CA,Canada,Canada,Canada,M9V 4W3,6.0,198.51.100.100
99,100.0,Brossard,QC,Quebec,CA,Canada,Canada,Canada,J4Z 1C5,6.0,198.51.100.101
100,101.0,Brossard,QC,Quebec,CA,Canada,Canada,Canada,J4Z 1R4,6.0,198.51.100.102
101,102.0,Dorval,QC,Quebec,CA,Canada,Canada,Canada,H9P 1H1,6.0,198.51.100.103
102,103.0,Hull,QC,Quebec,CA,Canada,Canada,Canada,8Y,6.0,198.51.100.104
103,104.0,Montreal,QC,Quebec,CA,Canada,Canada,Canada,H1Y 2H3,6.0,198.51.100.105
104,105.0,Montreal,QC,Quebec,CA,Canada,Canada,Canada,H1Y 2H5,6.0,198.51.100.106
105,106.0,Montreal,QC,Quebec,CA,Canada,Canada,Canada,H1Y 2H7,6.0,198.51.100.107
106,107.0,Montreal,QC,Quebec,CA,Canada,Canada,Canada,H1Y 2H8,6.0,198.51.100.108
107,108.0,Outremont,QC,Quebec,CA,Canada,Canada,Canada,H1Y 2G5,6.0,198.51.100.109
108,109.0,Pnot-Rouge,QC,Quebec,CA,Canada,Canada,Canada,J1E 2T7,6.0,198.51.100.110
109,110.0,Quebec,QC,Quebec,CA,Canada,Canada,Canada,G1R,6.0,198.51.100.111
110,111.0,Sainte-Foy,QC,Quebec,CA,Canada,Canada,Canada,G1W,6.0,198.51.100.112
111,112.0,Sillery,QC,Quebec,CA,Canada,Canada,Canada,G1T,6.0,198.51.100.113
112,113.0,Ville De'anjou,QC,Quebec,CA,Canada,Canada,Canada,J1G 2R3,6.0,198.51.100.114
113,114.0,Berlin,BB,Brandenburg,DE,Germany,Alemania,Allemagne,14197,8.0,198.51.100.115
114,115.0,Eilenburg,BB,Brandenburg,DE,Germany,Alemania,Allemagne,04838,8.0,198.51.100.116
115,116.0,Augsburg,BY,Bayern,DE,Germany,Alemania,Allemagne,86150,8.0,198.51.100.117
116,117.0,Erlangen,BY,Bayern,DE,Germany,Alemania,Allemagne,91054,8.0,198.51.100.118
117,118.0,Frankfurt,BY,Bayern,DE,Germany,Alemania,Allemagne,91480,8.0,198.51.100.119
118,119.0,Grevenbroich,BY,Bayern,DE,Germany,Alemania,Allemagne,41485,8.0,198.51.100.120
119,120.0,Hof,BY,Bayern,DE,Germany,Alemania,Allemagne,95010,8.0,198.51.100.121
120,121.0,Ingolstadt,BY,Bayern,DE,Germany,Alemania,Allemagne,85049,8.0,198.51.100.122
121,122.0,Bad Soden,HE,Hessen,DE,Germany,Alemania,Allemagne,65800,8.0,198.51.100.123
122,123.0,Berlin,HE,Hessen,DE,Germany,Alemania,Allemagne,12171,8.0,198.51.100.124
123,124.0,Berlin,HE,Hessen,DE,Germany,Alemania,Allemagne,13441,8.0,198.51.100.125
124,125.0,Berlin,HE,Hessen,DE,Germany,Alemania,Allemagne,14111,8.0,198.51.100.126
125,126.0,Berlin,HE,Hessen,DE,Germany,Alemania,Allemagne,14129,8.0,198.51.100.127
126,127.0,Darmstadt,HE,Hessen,DE,Germany,Alemania,Allemagne,64283,8.0,198.51.100.128
127,128.0,Dresden,HE,Hessen,DE,Germany,Alemania,Allemagne,01071,8.0,198.51.100.129
128,129.0,Duesseldorf,HE,Hessen,DE,Germany,Alemania,Allemagne,40434,8.0,198.51.100.130
129,130.0,Duesseldorf,HE,Hessen,DE,Germany,Alemania,Allemagne,40605,8.0,198.51.100.131
130,131.0,Frankfurt,HE,Hessen,DE,Germany,Alemania,Allemagne,60323,8.0,198.51.100.132
131,132.0,Hamburg,HE,Hessen,DE,Germany,Alemania,Allemagne,22001,8.0,198.51.100.133
132,133.0,Kassel,HE,Hessen,DE,Germany,Alemania,Allemagne,34117,8.0,198.51.100.134
133,134.0,München,HE,Hessen,DE,Germany,Alemania,Allemagne,80074,8.0,198.51.100.135
134,135.0,Salzgitter,HE,Hessen,DE,Germany,Alemania,Allemagne,38231,8.0,198.51.100.136
135,136.0,Ascheim,HH,Hamburg,DE,Germany,Alemania,Allemagne,86171,8.0,198.51.100.137
136,137.0,Augsburg,HH,Hamburg,DE,Germany,Alemania,Allemagne,86171,8.0,198.51.100.138
137,138.0,Berlin,HH,Hamburg,DE,Germany,Alemania,Allemagne,10210,8.0,198.51.100.139
138,139.0,Berlin,HH,Hamburg,DE,Germany,Alemania,Allemagne,10791,8.0,198.51.100.140
139,140.0,Berlin,HH,Hamburg,DE,Germany,Alemania,Allemagne,12311,8.0,198.51.100.141
140,141.0,Berlin,HH,Hamburg,DE,Germany,Alemania,Allemagne,14111,8.0,198.51.100.142
141,142.0,Bonn,HH,Hamburg,DE,Germany,Alemania,Allemagne,53001,8.0,198.51.100.143
142,143.0,Bonn,HH,Hamburg,DE,Germany,Alemania,Allemagne,53131,8.0,198.51.100.144
143,144.0,Essen,HH,Hamburg,DE,Germany,Alemania,Allemagne,45001,8.0,198.51.100.145
144,145.0,Frankfurt am Main,HH,Hamburg,DE,Germany,Alemania,Allemagne,60082,8.0,198.51.100.146
145,146.0,Frankfurt am Main,HH,Hamburg,DE,Germany,Alemania,Allemagne,60355,8.0,198.51.100.147
146,147.0,Hamburg,HH,Hamburg,DE,Germany,Alemania,Allemagne,20354,8.0,198.51.100.148
147,148.0,Muehlheim,HH,Hamburg,DE,Germany,Alemania,Allemagne,63151,8.0,198.51.100.149
148,149.0,Mühlheim,HH,Hamburg,DE,Germany,Alemania,Allemagne,63151,8.0,198.51.100.150
149,150.0,München,HH,Hamburg,DE,Germany,Alemania,Allemagne,80074,8.0,198.51.100.151
150,151.0,Paderborn,HH,Hamburg,DE,Germany,Alemania,Allemagne,33041,8.0,198.51.100.152
151,152.0,Berlin,NW,Nordrhein-Westfalen,DE,Germany,Alemania,Allemagne,10501,8.0,198.51.100.153
152,153.0,Berlin,NW,Nordrhein-Westfalen,DE,Germany,Alemania,Allemagne,14197,8.0,198.51.100.154
153,154.0,Bonn,NW,Nordrhein-Westfalen,DE,Germany,Alemania,Allemagne,53131,8.0,198.51.100.155
154,155.0,Bottrop,NW,Nordrhein-Westfalen,DE,Germany,Alemania,Allemagne,46236,8.0,198.51.100.156
155,156.0,Braunschweig,NW,Nordrhein-Westfalen,DE,Germany,Alemania,Allemagne,38001,8.0,198.51.100.157
156,157.0,Hannover,NW,Nordrhein-Westfalen,DE,Germany,Alemania,Allemagne,30601,8.0,198.51.100.158
157,158.0,Leipzig,NW,Nordrhein-Westfalen,DE,Germany,Alemania,Allemagne,04139,8.0,198.51.100.159
158,159.0,München,NW,Nordrhein-Westfalen,DE,Germany,Alemania,Allemagne,80074,8.0,198.51.100.160
159,160.0,Paderborn,NW,Nordrhein-Westfalen,DE,Germany,Alemania,Allemagne,33098,8.0,198.51.100.161
160,161.0,Solingen,NW,Nordrhein-Westfalen,DE,Germany,Alemania,Allemagne,42651,8.0,198.51.100.162
161,162.0,Werne,NW,Nordrhein-Westfalen,DE,Germany,Alemania,Allemagne,59368,8.0,198.51.100.163
162,163.0,Berlin,SL,Saarland,DE,Germany,Alemania,Allemagne,12171,8.0,198.51.100.164
163,164.0,Berlin,SL,Saarland,DE,Germany,Alemania,Allemagne,12311,8.0,198.51.100.165
164,165.0,Berlin,SL,Saarland,DE,Germany,Alemania,Allemagne,14197,8.0,198.51.100.166
165,166.0,Frankfurt am Main,SL,Saarland,DE,Germany,Alemania,Allemagne,60061,8.0,198.51.100.167
166,167.0,Frankfurt am Main,SL,Saarland,DE,Germany,Alemania,Allemagne,60075,8.0,198.51.100.168
167,168.0,Kiel,SL,Saarland,DE,Germany,Alemania,Allemagne,24044,8.0,198.51.100.169
168,169.0,München,SL,Saarland,DE,Germany,Alemania,Allemagne,48001,8.0,198.51.100.170
169,170.0,Münster,SL,Saarland,DE,Germany,Alemania,Allemagne,48001,8.0,198.51.100.171
170,171.0,Neunkirchen,SL,Saarland,DE,Germany,Alemania,Allemagne,66578,8.0,198.51.100.172
171,172.0,Offenbach,SL,Saarland,DE,Germany,Alemania,Allemagne,63009,8.0,198.51.100.173
172,173.0,Poing,SL,Saarland,DE,Germany,Alemania,Allemagne,66041,8.0,198.51.100.174
173,174.0,Saarbrücken,SL,Saarland,DE,Germany,Alemania,Allemagne,66001,8.0,198.51.100.175
174,175.0,Saarlouis,SL,Saarland,DE,Germany,Alemania,Allemagne,66740,8.0,198.51.100.176
175,176.0,Stuttgart,SL,Saarland,DE,Germany,Alemania,Allemagne,70452,8.0,198.51.100.177
176,177.0,Stuttgart,SL,Saarland,DE,Germany,Alemania,Allemagne,70511,8.0,198.51.100.178
177,178.0,Sulzbach Taunus,SL,Saarland,DE,Germany,Alemania,Allemagne,66272,8.0,198.51.100.179
178,179.0,Saint Ouen,17,Charente-Maritime,FR,France,Francia,France,17490,7.0,198.51.100.180
179,180.0,Colomiers,31,Garonne (Haute),FR,France,Francia,France,31770,7.0,198.51.100.181
180,181.0,Aujan Mournede,32,Gers,FR,France,Francia,France,32300,7.0,198.51.100.182
181,182.0,Saint Ouen,41,Loir et Cher,FR,France,Francia,France,41100,7.0,198.51.100.183
182,183.0,Orleans,45,Loiret,FR,France,Francia,France,45000,7.0,198.51.100.184
183,184.0,Metz,57,Moselle,FR,France,Francia,France,57000,7.0,198.51.100.185
184,185.0,Croix,59,Nord,FR,France,Francia,France,59170,7.0,198.51.100.186
185,186.0,Dunkerque,59,Nord,FR,France,Francia,France,59140,7.0,198.51.100.187
186,187.0,Lille,59,Nord,FR,France,Francia,France,59000,7.0,198.51.100.188
187,188.0,Roncq,59,Nord,FR,France,Francia,France,59223,7.0,198.51.100.189
188,189.0,Roubaix,59,Nord,FR,France,Francia,France,59100,7.0,198.51.100.190
189,190.0,Villeneuve-d'Ascq,59,Nord,FR,France,Francia,France,59491,7.0,198.51.100.191
190,191.0,Boulogne-sur-Mer,62,Pas de Calais,FR,France,Francia,France,62200,7.0,198.51.100.192
191,192.0,Paris,75,Seine (Paris),FR,France,Francia,France,75002,7.0,198.51.100.193
192,193.0,Paris,75,Seine (Paris),FR,France,Francia,France,75003,7.0,198.51.100.194
193,194.0,Paris,75,Seine (Paris),FR,France,Francia,France,75005,7.0,198.51.100.195
194,195.0,Paris,75,Seine (Paris),FR,France,Francia,France,75006,7.0,198.51.100.196
195,196.0,Paris,75,Seine (Paris),FR,France,Francia,France,75007,7.0,198.51.100.197
196,197.0,Paris,75,Seine (Paris),FR,France,Francia,France,75008,7.0,198.51.100.198
197,198.0,Paris,75,Seine (Paris),FR,France,Francia,France,75009,7.0,198.51.100.199
198,199.0,Paris,75,Seine (Paris),FR,France,Francia,France,75010,7.0,198.51.100.200
199,200.0,Paris,75,Seine (Paris),FR,France,Francia,France,75012,7.0,198.51.100.201
200,201.0,Paris,75,Seine (Paris),FR,France,Francia,France,75013,7.0,198.51.100.202
201,202.0,Paris,75,Seine (Paris),FR,France,Francia,France,75016,7.0,198.51.100.203
202,203.0,Paris,75,Seine (Paris),FR,France,Francia,France,75017,7.0,198.51.100.204
203,204.0,Paris,75,Seine (Paris),FR,France,Francia,France,75019,7.0,198.51.100.205
204,205.0,Lieusaint,77,Seine et Marne,FR,France,Francia,France,77127,7.0,198.51.100.206
205,206.0,Roissy en Brie,77,Seine et Marne,FR,France,Francia,France,77680,7.0,198.51.100.207
206,207.0,Chatou,78,Yveline,FR,France,Francia,France,78400,7.0,198.51.100.208
207,208.0,Saint Germain en Laye,78,Yveline,FR,France,Francia,France,78100,7.0,198.51.100.209
208,209.0,Versailles,78,Yveline,FR,France,Francia,France,78000,7.0,198.51.100.210
209,210.0,Saint Ouen,80,Somme,FR,France,Francia,France,80610,7.0,198.51.100.211
210,211.0,Les Ulis,91,Essonne,FR,France,Francia,France,91940,7.0,198.51.100.212
211,212.0,Morangis,91,Essonne,FR,France,Francia,France,91420,7.0,198.51.100.213
212,213.0,Verrieres Le Buisson,91,Essonne,FR,France,Francia,France,91370,7.0,198.51.100.214
213,214.0,Boulogne-Billancourt,92,Hauts de Seine,FR,France,Francia,France,92100,7.0,198.51.100.215
214,215.0,Colombes,92,Hauts de Seine,FR,France,Francia,France,92700,7.0,198.51.100.216
215,216.0,Courbevoie,92,Hauts de Seine,FR,France,Francia,France,92400,7.0,198.51.100.217
216,217.0,Paris La Defense,92,Hauts de Seine,FR,France,Francia,France,92081,7.0,198.51.100.218
217,218.0,Sèvres,92,Hauts de Seine,FR,France,Francia,France,92310,7.0,198.51.100.219
218,219.0,Suresnes,92,Hauts de Seine,FR,France,Francia,France,92150,7.0,198.51.100.220
219,220.0,Bobigny,93,Seine Saint Denis,FR,France,Francia,France,93000,7.0,198.51.100.221
220,221.0,Drancy,93,Seine Saint Denis,FR,France,Francia,France,93700,7.0,198.51.100.222
221,222.0,Pantin,93,Seine Saint Denis,FR,France,Francia,France,93500,7.0,198.51.100.223
222,223.0,Saint-Denis,93,Seine Saint Denis,FR,France,Francia,France,93400,7.0,198.51.100.224
223,224.0,Tremblay-en-France,93,Seine Saint Denis,FR,France,Francia,France,93290,7.0,198.51.100.225
224,225.0,Orly,94,Val de Marne,FR,France,Francia,France,94310,7.0,198.51.100.226
225,226.0,Cergy,95,Val d'Oise,FR,France,Francia,France,95000,7.0,198.51.100.227
226,227.0,Abingdon,ENG,England,GB,United Kingdom,Reino Unido,Royaume-Uni,OX14 4SE,10.0,198.51.100.228
227,228.0,Basingstoke Hants,ENG,England,GB,United Kingdom,Reino Unido,Royaume-Uni,RG24 8PL,10.0,198.51.100.229
228,229.0,Berks,ENG,England,GB,United Kingdom,Reino Unido,Royaume-Uni,SL4 1RH,10.0,198.51.100.230
229,230.0,Berkshire,ENG,England,GB,United Kingdom,Reino Unido,Royaume-Uni,RG11 5TP,10.0,198.51.100.231
230,231.0,Billericay,ENG,England,GB,United Kingdom,Reino Unido,Royaume-Uni,CM11,10.0,198.51.100.232
231,232.0,Birmingham,ENG,England,GB,United Kingdom,Reino Unido,Royaume-Uni,B29 6SL,10.0,198.51.100.233
232,233.0,Bracknell,ENG,England,GB,United Kingdom,Reino Unido,Royaume-Uni,RG12 8TB,10.0,198.51.100.234
233,234.0,Bury,ENG,England,GB,United Kingdom,Reino Unido,Royaume-Uni,PE17,10.0,198.51.100.235
234,235.0,Cambridge,ENG,England,GB,United Kingdom,Reino Unido,Royaume-Uni,CB4 4BZ,10.0,198.51.100.236
235,236.0,Cheltenham,ENG,England,GB,United Kingdom,Reino Unido,Royaume-Uni,GL50,10.0,198.51.100.237
236,237.0,Esher-Molesey,ENG,England,GB,United Kingdom,Reino Unido,Royaume-Uni,EM15,10.0,198.51.100.238
237,238.0,Gateshead,ENG,England,GB,United Kingdom,Reino Unido,Royaume-Uni,GA10,10.0,198.51.100.239
238,239.0,Gloucestershire,ENG,England,GB,United Kingdom,Reino Unido,Royaume-Uni,GL7 1RY,10.0,198.51.100.240
239,240.0,High Wycombe,ENG,England,GB,United Kingdom,Reino Unido,Royaume-Uni,HP10 9QY,10.0,198.51.100.241
240,241.0,Kirkby,ENG,England,GB,United Kingdom,Reino Unido,Royaume-Uni,KB9,10.0,198.51.100.242
241,242.0,Lancaster,ENG,England,GB,United Kingdom,Reino Unido,Royaume-Uni,LA1 1LN,10.0,198.51.100.243
242,243.0,Leeds,ENG,England,GB,United Kingdom,Reino Unido,Royaume-Uni,LE18,10.0,198.51.100.244
243,244.0,London,ENG,England,GB,United Kingdom,Reino Unido,Royaume-Uni,C2H 7AU,10.0,198.51.100.245
244,245.0,London,ENG,England,GB,United Kingdom,Reino Unido,Royaume-Uni,E17 6JF,10.0,198.51.100.246
245,246.0,London,ENG,England,GB,United Kingdom,Reino Unido,Royaume-Uni,EC1R 0DU,10.0,198.51.100.247
246,247.0,London,ENG,England,GB,United Kingdom,Reino Unido,Royaume-Uni,SE1 8HL,10.0,198.51.100.248
247,248.0,London,ENG,England,GB,United Kingdom,Reino Unido,Royaume-Uni,SW19 3RU,10.0,198.51.100.249
248,249.0,London,ENG,England,GB,United Kingdom,Reino Unido,Royaume-Uni,SW1P 2NU,10.0,198.51.100.250
249,250.0,London,ENG,England,GB,United Kingdom,Reino Unido,Royaume-Uni,SW6 SBY,10.0,198.51.100.251
250,251.0,London,ENG,England,GB,United Kingdom,Reino Unido,Royaume-Uni,SW8 1XD,10.0,198.51.100.252
251,252.0,London,ENG,England,GB,United Kingdom,Reino Unido,Royaume-Uni,SW8 4BG,10.0,198.51.100.253
252,253.0,London,ENG,England,GB,United Kingdom,Reino Unido,Royaume-Uni,W10 6BL,10.0,198.51.100.254
253,254.0,London,ENG,England,GB,United Kingdom,Reino Unido,Royaume-Uni,W1N 9FA,10.0,192.0.2.1
254,255.0,London,ENG,England,GB,United Kingdom,Reino Unido,Royaume-Uni,W1V 5RN,10.0,192.0.2.2
255,256.0,London,ENG,England,GB,United Kingdom,Reino Unido,Royaume-Uni,W1X3SE,10.0,192.0.2.3
256,257.0,London,ENG,England,GB,United Kingdom,Reino Unido,Royaume-Uni,W1Y 3RA,10.0,192.0.2.4
257,258.0,Maidenhead,ENG,England,GB,United Kingdom,Reino Unido,Royaume-Uni,SL67RJ,10.0,192.0.2.5
258,259.0,Milton Keynes,ENG,England,GB,United Kingdom,Reino Unido,Royaume-Uni,MK8 8DF,10.0,192.0.2.6
259,260.0,Milton Keynes,ENG,England,GB,United Kingdom,Reino Unido,Royaume-Uni,MK8 8ZD,10.0,192.0.2.7
260,261.0,Newcastle upon Tyne,ENG,England,GB,United Kingdom,Reino Unido,Royaume-Uni,NT20,10.0,192.0.2.8
261,262.0,Oxford,ENG,England,GB,United Kingdom,Reino Unido,Royaume-Uni,OX1,10.0,192.0.2.9
262,263.0,Oxford,ENG,England,GB,United Kingdom,Reino Unido,Royaume-Uni,OX14 4SE,10.0,192.0.2.10
263,264.0,Oxon,ENG,England,GB,United Kingdom,Reino Unido,Royaume-Uni,OX16 8RS,10.0,192.0.2.11
264,265.0,Peterborough,ENG,England,GB,United Kingdom,Reino Unido,Royaume-Uni,PB12,10.0,192.0.2.12
265,266.0,Reading,ENG,England,GB,United Kingdom,Reino Unido,Royaume-Uni,RG7 5H7,10.0,192.0.2.13
266,267.0,Runcorn,ENG,England,GB,United Kingdom,Reino Unido,Royaume-Uni,TY31,10.0,192.0.2.14
267,268.0,Liverpool,ENG,England,GB,United Kingdom,Reino Unido,Royaume-Uni,L4 4HB,10.0,192.0.2.15
268,269.0,Stoke-on-Trent,ENG,England,GB,United Kingdom,Reino Unido,Royaume-Uni,AS23,10.0,192.0.2.16
269,270.0,W. York,ENG,England,GB,United Kingdom,Reino Unido,Royaume-Uni,BD1 4SJ,10.0,192.0.2.17
270,271.0,Warrington,ENG,England,GB,United Kingdom,Reino Unido,Royaume-Uni,WA1,10.0,192.0.2.18
271,272.0,Warrington,ENG,England,GB,United Kingdom,Reino Unido,Royaume-Uni,WA3 7BH,10.0,192.0.2.19
272,273.0,Watford,ENG,England,GB,United Kingdom,Reino Unido,Royaume-Uni,WA3,10.0,192.0.2.20
273,274.0,West Sussex,ENG,England,GB,United Kingdom,Reino Unido,Royaume-Uni,RH15 9UD,10.0,192.0.2.21
274,275.0,Wokingham,ENG,England,GB,United Kingdom,Reino Unido,Royaume-Uni,RG41 1QW,10.0,192.0.2.22
275,276.0,Woolston,ENG,England,GB,United Kingdom,Reino Unido,Royaume-Uni,WA1 4SY,10.0,192.0.2.23
276,277.0,York,ENG,England,GB,United Kingdom,Reino Unido,Royaume-Uni,Y024 1GF,10.0,192.0.2.24
277,278.0,York,ENG,England,GB,United Kingdom,Reino Unido,Royaume-Uni,Y03 4TN,10.0,192.0.2.25
278,279.0,York,ENG,England,GB,United Kingdom,Reino Unido,Royaume-Uni,YO15,10.0,192.0.2.26
279,280.0,Birmingham,AL,Alabama,US,United States,Estados Unidos,√?tats-Unis,35203,5.0,192.0.2.27
280,281.0,Florence,AL,Alabama,US,United States,Estados Unidos,√?tats-Unis,35630,5.0,192.0.2.28
281,282.0,Huntsville,AL,Alabama,US,United States,Estados Unidos,√?tats-Unis,35801,5.0,192.0.2.29
282,283.0,Mobile,AL,Alabama,US,United States,Estados Unidos,√?tats-Unis,36602,5.0,192.0.2.30
283,284.0,Montgomery,AL,Alabama,US,United States,Estados Unidos,√?tats-Unis,36104,5.0,192.0.2.31
284,285.0,Chandler,AZ,Arizona,US,United States,Estados Unidos,√?tats-Unis,85225,4.0,192.0.2.32
285,286.0,Gilbert,AZ,Arizona,US,United States,Estados Unidos,√?tats-Unis,85233,4.0,192.0.2.33
286,287.0,Mesa,AZ,Arizona,US,United States,Estados Unidos,√?tats-Unis,85201,4.0,192.0.2.34
287,288.0,Phoenix,AZ,Arizona,US,United States,Estados Unidos,√?tats-Unis,85004,4.0,192.0.2.35
288,289.0,Scottsdale,AZ,Arizona,US,United States,Estados Unidos,√?tats-Unis,85257,4.0,192.0.2.36
289,290.0,Surprise,AZ,Arizona,US,United States,Estados Unidos,√?tats-Unis,85374,4.0,192.0.2.37
290,291.0,Tucson,AZ,Arizona,US,United States,Estados Unidos,√?tats-Unis,85701,4.0,192.0.2.38
291,292.0,Alhambra,CA,California,US,United States,Estados Unidos,√?tats-Unis,91801,4.0,192.0.2.39
292,293.0,Alpine,CA,California,US,United States,Estados Unidos,√?tats-Unis,91901,4.0,192.0.2.40
293,294.0,Auburn,CA,California,US,United States,Estados Unidos,√?tats-Unis,95603,4.0,192.0.2.41
294,295.0,Baldwin Park,CA,California,US,United States,Estados Unidos,√?tats-Unis,91706,4.0,192.0.2.42
295,296.0,Barstow,CA,California,US,United States,Estados Unidos,√?tats-Unis,92311,4.0,192.0.2.43
296,297.0,Bell Gardens,CA,California,US,United States,Estados Unidos,√?tats-Unis,90201,4.0,192.0.2.44
297,298.0,Bellflower,CA,California,US,United States,Estados Unidos,√?tats-Unis,90706,4.0,192.0.2.45
298,299.0,Berkeley,CA,California,US,United States,Estados Unidos,√?tats-Unis,94704,4.0,192.0.2.46
299,300.0,Beverly Hills,CA,California,US,United States,Estados Unidos,√?tats-Unis,90210,4.0,192.0.2.47
300,301.0,Burbank,CA,California,US,United States,Estados Unidos,√?tats-Unis,91502,4.0,192.0.2.48
301,302.0,Burlingame,CA,California,US,United States,Estados Unidos,√?tats-Unis,94010,4.0,192.0.2.49
302,303.0,Camarillo,CA,California,US,United States,Estados Unidos,√?tats-Unis,93010,4.0,192.0.2.50
303,304.0,Canoga Park,CA,California,US,United States,Estados Unidos,√?tats-Unis,91303,4.0,192.0.2.51
304,305.0,Carson,CA,California,US,United States,Estados Unidos,√?tats-Unis,90746,4.0,192.0.2.52
305,306.0,Cerritos,CA,California,US,United States,Estados Unidos,√?tats-Unis,90703,4.0,192.0.2.53
306,307.0,Chula Vista,CA,California,US,United States,Estados Unidos,√?tats-Unis,91910,4.0,192.0.2.54
307,308.0,Citrus Heights,CA,California,US,United States,Estados Unidos,√?tats-Unis,95610,4.0,192.0.2.55
308,309.0,City Of Commerce,CA,California,US,United States,Estados Unidos,√?tats-Unis,90040,4.0,192.0.2.56
309,310.0,Colma,CA,California,US,United States,Estados Unidos,√?tats-Unis,94014,4.0,192.0.2.57
310,311.0,Concord,CA,California,US,United States,Estados Unidos,√?tats-Unis,94519,4.0,192.0.2.58
311,312.0,Coronado,CA,California,US,United States,Estados Unidos,√?tats-Unis,92118,4.0,192.0.2.59
312,313.0,Culver City,CA,California,US,United States,Estados Unidos,√?tats-Unis,90232,4.0,192.0.2.60
313,314.0,Daly City,CA,California,US,United States,Estados Unidos,√?tats-Unis,94015,4.0,192.0.2.61
314,315.0,Downey,CA,California,US,United States,Estados Unidos,√?tats-Unis,90241,4.0,192.0.2.62
315,316.0,El Cajon,CA,California,US,United States,Estados Unidos,√?tats-Unis,92020,4.0,192.0.2.63
316,317.0,El Segundo,CA,California,US,United States,Estados Unidos,√?tats-Unis,90245,4.0,192.0.2.64
317,318.0,Elk Grove,CA,California,US,United States,Estados Unidos,√?tats-Unis,95624,4.0,192.0.2.65
318,319.0,Escondido,CA,California,US,United States,Estados Unidos,√?tats-Unis,92025,4.0,192.0.2.66
319,320.0,Eureka,CA,California,US,United States,Estados Unidos,√?tats-Unis,95501,4.0,192.0.2.67
320,321.0,Fontana,CA,California,US,United States,Estados Unidos,√?tats-Unis,92335,4.0,192.0.2.68
321,322.0,Fremont,CA,California,US,United States,Estados Unidos,√?tats-Unis,94536,4.0,192.0.2.69
322,323.0,Fullerton,CA,California,US,United States,Estados Unidos,√?tats-Unis,92831,4.0,192.0.2.70
323,324.0,Gilroy,CA,California,US,United States,Estados Unidos,√?tats-Unis,95020,4.0,192.0.2.71
324,325.0,Glendale,CA,California,US,United States,Estados Unidos,√?tats-Unis,91203,4.0,192.0.2.72
325,326.0,Grossmont,CA,California,US,United States,Estados Unidos,√?tats-Unis,91941,4.0,192.0.2.73
326,327.0,Hanford,CA,California,US,United States,Estados Unidos,√?tats-Unis,93230,4.0,192.0.2.74
327,328.0,Hayward,CA,California,US,United States,Estados Unidos,√?tats-Unis,94541,4.0,192.0.2.75
328,329.0,Imperial Beach,CA,California,US,United States,Estados Unidos,√?tats-Unis,91932,4.0,192.0.2.76
329,330.0,Irvine,CA,California,US,United States,Estados Unidos,√?tats-Unis,92614,4.0,192.0.2.77
330,331.0,La Jolla,CA,California,US,United States,Estados Unidos,√?tats-Unis,92806,4.0,192.0.2.78
331,332.0,La Mesa,CA,California,US,United States,Estados Unidos,√?tats-Unis,91941,4.0,192.0.2.79
332,333.0,Lake Elsinore,CA,California,US,United States,Estados Unidos,√?tats-Unis,92530,4.0,192.0.2.80
333,334.0,Lakewood,CA,California,US,United States,Estados Unidos,√?tats-Unis,90712,4.0,192.0.2.81
334,335.0,Lemon Grove,CA,California,US,United States,Estados Unidos,√?tats-Unis,91945,4.0,192.0.2.82
335,336.0,Lincoln Acres,CA,California,US,United States,Estados Unidos,√?tats-Unis,91950,4.0,192.0.2.83
336,337.0,Long Beach,CA,California,US,United States,Estados Unidos,√?tats-Unis,90802,4.0,192.0.2.84
337,338.0,Los Angeles,CA,California,US,United States,Estados Unidos,√?tats-Unis,90012,4.0,192.0.2.85
338,339.0,Mill Valley,CA,California,US,United States,Estados Unidos,√?tats-Unis,94941,4.0,192.0.2.86
339,340.0,Milpitas,CA,California,US,United States,Estados Unidos,√?tats-Unis,95035,4.0,192.0.2.87
340,341.0,Modesto,CA,California,US,United States,Estados Unidos,√?tats-Unis,95354,4.0,192.0.2.88
341,342.0,Monrovia,CA,California,US,United States,Estados Unidos,√?tats-Unis,91016,4.0,192.0.2.89
342,343.0,National City,CA,California,US,United States,Estados Unidos,√?tats-Unis,91950,4.0,192.0.2.90
343,344.0,Newark,CA,California,US,United States,Estados Unidos,√?tats-Unis,94560,4.0,192.0.2.91
344,345.0,Newport Beach,CA,California,US,United States,Estados Unidos,√?tats-Unis,92625,4.0,192.0.2.92
345,346.0,Norwalk,CA,California,US,United States,Estados Unidos,√?tats-Unis,90650,4.0,192.0.2.93
346,347.0,Novato,CA,California,US,United States,Estados Unidos,√?tats-Unis,94947,4.0,192.0.2.94
347,348.0,Oakland,CA,California,US,United States,Estados Unidos,√?tats-Unis,94611,4.0,192.0.2.95
348,349.0,Ontario,CA,California,US,United States,Estados Unidos,√?tats-Unis,91764,4.0,192.0.2.96
349,350.0,Orange,CA,California,US,United States,Estados Unidos,√?tats-Unis,92867,4.0,192.0.2.97
350,351.0,Oxnard,CA,California,US,United States,Estados Unidos,√?tats-Unis,93030,4.0,192.0.2.98
351,352.0,Palo Alto,CA,California,US,United States,Estados Unidos,√?tats-Unis,94303,4.0,192.0.2.99
352,353.0,Pleasanton,CA,California,US,United States,Estados Unidos,√?tats-Unis,94566,4.0,192.0.2.100
353,354.0,Redlands,CA,California,US,United States,Estados Unidos,√?tats-Unis,92373,4.0,192.0.2.101
354,355.0,Redwood City,CA,California,US,United States,Estados Unidos,√?tats-Unis,94063,4.0,192.0.2.102
355,356.0,Sacramento,CA,California,US,United States,Estados Unidos,√?tats-Unis,95814,4.0,192.0.2.103
356,357.0,San Bruno,CA,California,US,United States,Estados Unidos,√?tats-Unis,94066,4.0,192.0.2.104
357,358.0,San Carlos,CA,California,US,United States,Estados Unidos,√?tats-Unis,94070,4.0,192.0.2.105
358,359.0,San Diego,CA,California,US,United States,Estados Unidos,√?tats-Unis,92102,4.0,192.0.2.106
359,360.0,San Francisco,CA,California,US,United States,Estados Unidos,√?tats-Unis,94109,4.0,192.0.2.107
360,361.0,San Gabriel,CA,California,US,United States,Estados Unidos,√?tats-Unis,91776,4.0,192.0.2.108
361,362.0,San Jose,CA,California,US,United States,Estados Unidos,√?tats-Unis,95112,4.0,192.0.2.109
362,363.0,San Mateo,CA,California,US,United States,Estados Unidos,√?tats-Unis,94404,4.0,192.0.2.110
363,364.0,San Ramon,CA,California,US,United States,Estados Unidos,√?tats-Unis,94583,4.0,192.0.2.111
364,365.0,San Ysidro,CA,California,US,United States,Estados Unidos,√?tats-Unis,92173,4.0,192.0.2.112
365,366.0,Sand City,CA,California,US,United States,Estados Unidos,√?tats-Unis,93955,4.0,192.0.2.113
366,367.0,Santa Ana,CA,California,US,United States,Estados Unidos,√?tats-Unis,92701,4.0,192.0.2.114
367,368.0,Santa Cruz,CA,California,US,United States,Estados Unidos,√?tats-Unis,95062,4.0,192.0.2.115
368,369.0,Santa Monica,CA,California,US,United States,Estados Unidos,√?tats-Unis,90401,4.0,192.0.2.116
369,370.0,Sherman Oaks,CA,California,US,United States,Estados Unidos,√?tats-Unis,91403,4.0,192.0.2.117
370,371.0,Simi Valley,CA,California,US,United States,Estados Unidos,√?tats-Unis,93065,4.0,192.0.2.118
371,372.0,Spring Valley,CA,California,US,United States,Estados Unidos,√?tats-Unis,91977,4.0,192.0.2.119
372,373.0,Stockton,CA,California,US,United States,Estados Unidos,√?tats-Unis,95202,4.0,192.0.2.120
373,374.0,Torrance,CA,California,US,United States,Estados Unidos,√?tats-Unis,90505,4.0,192.0.2.121
374,375.0,Trabuco Canyon,CA,California,US,United States,Estados Unidos,√?tats-Unis,92679,4.0,192.0.2.122
375,376.0,Union City,CA,California,US,United States,Estados Unidos,√?tats-Unis,94587,4.0,192.0.2.123
376,377.0,Upland,CA,California,US,United States,Estados Unidos,√?tats-Unis,91786,4.0,192.0.2.124
377,378.0,Vacaville,CA,California,US,United States,Estados Unidos,√?tats-Unis,95688,4.0,192.0.2.125
378,379.0,Van Nuys,CA,California,US,United States,Estados Unidos,√?tats-Unis,91411,4.0,192.0.2.126
379,380.0,Visalia,CA,California,US,United States,Estados Unidos,√?tats-Unis,93291,4.0,192.0.2.127
380,381.0,Vista,CA,California,US,United States,Estados Unidos,√?tats-Unis,92084,4.0,192.0.2.128
381,382.0,Walnut Creek,CA,California,US,United States,Estados Unidos,√?tats-Unis,94596,4.0,192.0.2.129
382,383.0,West Covina,CA,California,US,United States,Estados Unidos,√?tats-Unis,91791,4.0,192.0.2.130
383,384.0,Whittier,CA,California,US,United States,Estados Unidos,√?tats-Unis,90605,4.0,192.0.2.131
384,385.0,Woodland Hills,CA,California,US,United States,Estados Unidos,√?tats-Unis,91364,4.0,192.0.2.132
385,386.0,Denver,CO,Colorado,US,United States,Estados Unidos,√?tats-Unis,80203,3.0,192.0.2.133
386,387.0,Englewood,CO,Colorado,US,United States,Estados Unidos,√?tats-Unis,80110,3.0,192.0.2.134
387,388.0,Greeley,CO,Colorado,US,United States,Estados Unidos,√?tats-Unis,80631,3.0,192.0.2.135
388,389.0,Longmont,CO,Colorado,US,United States,Estados Unidos,√?tats-Unis,80501,3.0,192.0.2.136
389,390.0,Loveland,CO,Colorado,US,United States,Estados Unidos,√?tats-Unis,80537,3.0,192.0.2.137
390,391.0,Parker,CO,Colorado,US,United States,Estados Unidos,√?tats-Unis,80138,3.0,192.0.2.138
391,392.0,Westminster,CO,Colorado,US,United States,Estados Unidos,√?tats-Unis,80030,3.0,192.0.2.139
392,393.0,East Haven,CT,Connecticut,US,United States,Estados Unidos,√?tats-Unis,06512,2.0,192.0.2.140
393,394.0,Farmington,CT,Connecticut,US,United States,Estados Unidos,√?tats-Unis,06032,2.0,192.0.2.141
394,395.0,Hamden,CT,Connecticut,US,United States,Estados Unidos,√?tats-Unis,06518,2.0,192.0.2.142
395,396.0,Milford,CT,Connecticut,US,United States,Estados Unidos,√?tats-Unis,06460,2.0,192.0.2.143
396,397.0,New Haven,CT,Connecticut,US,United States,Estados Unidos,√?tats-Unis,06510,2.0,192.0.2.144
397,398.0,Stamford,CT,Connecticut,US,United States,Estados Unidos,√?tats-Unis,06901,2.0,192.0.2.145
398,399.0,Waterbury,CT,Connecticut,US,United States,Estados Unidos,√?tats-Unis,06710,2.0,192.0.2.146
399,400.0,Westport,CT,Connecticut,US,United States,Estados Unidos,√?tats-Unis,06880,2.0,192.0.2.147
400,401.0,Altamonte Springs,FL,Florida,US,United States,Estados Unidos,√?tats-Unis,32701,5.0,192.0.2.148
401,402.0,Bradenton,FL,Florida,US,United States,Estados Unidos,√?tats-Unis,34205,5.0,192.0.2.149
402,403.0,Clearwater,FL,Florida,US,United States,Estados Unidos,√?tats-Unis,33755,5.0,192.0.2.150
403,404.0,Destin,FL,Florida,US,United States,Estados Unidos,√?tats-Unis,32541,5.0,192.0.2.151
404,405.0,Hollywood,FL,Florida,US,United States,Estados Unidos,√?tats-Unis,33021,5.0,192.0.2.152
405,406.0,Kendall,FL,Florida,US,United States,Estados Unidos,√?tats-Unis,33143,5.0,192.0.2.153
406,407.0,Lakeland,FL,Florida,US,United States,Estados Unidos,√?tats-Unis,33801,5.0,192.0.2.154
407,408.0,Merritt Island,FL,Florida,US,United States,Estados Unidos,√?tats-Unis,32952,5.0,192.0.2.155
408,409.0,Miami,FL,Florida,US,United States,Estados Unidos,√?tats-Unis,33127,5.0,192.0.2.156
409,410.0,North Miami Beach,FL,Florida,US,United States,Estados Unidos,√?tats-Unis,33162,5.0,192.0.2.157
410,411.0,Orlando,FL,Florida,US,United States,Estados Unidos,√?tats-Unis,32804,5.0,192.0.2.158
411,412.0,Sarasota,FL,Florida,US,United States,Estados Unidos,√?tats-Unis,34236,5.0,192.0.2.159
412,413.0,Sunrise,FL,Florida,US,United States,Estados Unidos,√?tats-Unis,33322,5.0,192.0.2.160
413,414.0,Tampa,FL,Florida,US,United States,Estados Unidos,√?tats-Unis,33602,5.0,192.0.2.161
414,415.0,Vero Beach,FL,Florida,US,United States,Estados Unidos,√?tats-Unis,32960,5.0,192.0.2.162
415,416.0,Atlanta,GA,Georgia,US,United States,Estados Unidos,√?tats-Unis,30308,5.0,192.0.2.163
416,417.0,Augusta,GA,Georgia,US,United States,Estados Unidos,√?tats-Unis,30901,5.0,192.0.2.164
417,418.0,Austell,GA,Georgia,US,United States,Estados Unidos,√?tats-Unis,30106,5.0,192.0.2.165
418,419.0,Byron,GA,Georgia,US,United States,Estados Unidos,√?tats-Unis,31008,5.0,192.0.2.166
419,420.0,Clarkston,GA,Georgia,US,United States,Estados Unidos,√?tats-Unis,30021,5.0,192.0.2.167
420,421.0,Columbus,GA,Georgia,US,United States,Estados Unidos,√?tats-Unis,31901,5.0,192.0.2.168
421,422.0,Decatur,GA,Georgia,US,United States,Estados Unidos,√?tats-Unis,30030,5.0,192.0.2.169
422,423.0,La Grange,GA,Georgia,US,United States,Estados Unidos,√?tats-Unis,30240,5.0,192.0.2.170
423,424.0,Marietta,GA,Georgia,US,United States,Estados Unidos,√?tats-Unis,30060,5.0,192.0.2.171
424,425.0,Mcdonough,GA,Georgia,US,United States,Estados Unidos,√?tats-Unis,30253,5.0,192.0.2.172
425,426.0,Savannah,GA,Georgia,US,United States,Estados Unidos,√?tats-Unis,31401,5.0,192.0.2.173
426,427.0,Suwanee,GA,Georgia,US,United States,Estados Unidos,√?tats-Unis,30024,5.0,192.0.2.174
427,428.0,Idaho Falls,ID,Idaho,US,United States,Estados Unidos,√?tats-Unis,83402,1.0,192.0.2.175
428,429.0,Lewiston,ID,Idaho,US,United States,Estados Unidos,√?tats-Unis,83501,1.0,192.0.2.176
429,430.0,Sandpoint,ID,Idaho,US,United States,Estados Unidos,√?tats-Unis,83864,1.0,192.0.2.177
430,431.0,Carol Stream,IL,Illinois,US,United States,Estados Unidos,√?tats-Unis,60188,3.0,192.0.2.178
431,432.0,Chicago,IL,Illinois,US,United States,Estados Unidos,√?tats-Unis,60610,3.0,192.0.2.179
432,433.0,Elgin,IL,Illinois,US,United States,Estados Unidos,√?tats-Unis,60120,3.0,192.0.2.180
433,434.0,Joliet,IL,Illinois,US,United States,Estados Unidos,√?tats-Unis,60433,3.0,192.0.2.181
434,435.0,Moline,IL,Illinois,US,United States,Estados Unidos,√?tats-Unis,61265,3.0,192.0.2.182
435,436.0,Norridge,IL,Illinois,US,United States,Estados Unidos,√?tats-Unis,60706,3.0,192.0.2.183
436,437.0,Peoria,IL,Illinois,US,United States,Estados Unidos,√?tats-Unis,61606,3.0,192.0.2.184
437,438.0,Tuscola,IL,Illinois,US,United States,Estados Unidos,√?tats-Unis,61953,3.0,192.0.2.185
438,439.0,West Chicago,IL,Illinois,US,United States,Estados Unidos,√?tats-Unis,60185,3.0,192.0.2.186
439,440.0,Wood Dale,IL,Illinois,US,United States,Estados Unidos,√?tats-Unis,60191,3.0,192.0.2.187
440,441.0,Daleville,IN,Indiana,US,United States,Estados Unidos,√?tats-Unis,47334,2.0,192.0.2.188
441,442.0,Fort Wayne,IN,Indiana,US,United States,Estados Unidos,√?tats-Unis,46807,2.0,192.0.2.189
442,443.0,Indianapolis,IN,Indiana,US,United States,Estados Unidos,√?tats-Unis,46204,2.0,192.0.2.190
443,444.0,Logansport,IN,Indiana,US,United States,Estados Unidos,√?tats-Unis,46947,2.0,192.0.2.191
444,445.0,Michigan City,IN,Indiana,US,United States,Estados Unidos,√?tats-Unis,46360,2.0,192.0.2.192
445,446.0,New Castle,IN,Indiana,US,United States,Estados Unidos,√?tats-Unis,47362,2.0,192.0.2.193
446,447.0,South Bend,IN,Indiana,US,United States,Estados Unidos,√?tats-Unis,46601,2.0,192.0.2.194
447,448.0,Campbellsville,KY,Kentucky,US,United States,Estados Unidos,√?tats-Unis,42718,5.0,192.0.2.195
448,449.0,Florence,KY,Kentucky,US,United States,Estados Unidos,√?tats-Unis,41042,5.0,192.0.2.196
449,450.0,Newport,KY,Kentucky,US,United States,Estados Unidos,√?tats-Unis,41071,5.0,192.0.2.197
450,451.0,Saint Matthews,KY,Kentucky,US,United States,Estados Unidos,√?tats-Unis,40207,5.0,192.0.2.198
451,452.0,Somerset,KY,Kentucky,US,United States,Estados Unidos,√?tats-Unis,42501,5.0,192.0.2.199
452,453.0,Braintree,MA,Massachusetts,US,United States,Estados Unidos,√?tats-Unis,02184,2.0,192.0.2.200
453,454.0,Norwood,MA,Massachusetts,US,United States,Estados Unidos,√?tats-Unis,02062,2.0,192.0.2.201
454,455.0,Randolph,MA,Massachusetts,US,United States,Estados Unidos,√?tats-Unis,02368,2.0,192.0.2.202
455,456.0,Saugus,MA,Massachusetts,US,United States,Estados Unidos,√?tats-Unis,01906,2.0,192.0.2.203
456,457.0,Wrentham,MA,Massachusetts,US,United States,Estados Unidos,√?tats-Unis,02093,2.0,192.0.2.204
457,458.0,Baltimore,MD,Maryland,US,United States,Estados Unidos,√?tats-Unis,21201,2.0,192.0.2.205
458,459.0,Kittery,ME,Maine,US,United States,Estados Unidos,√?tats-Unis,03904,2.0,192.0.2.206
459,460.0,Detroit,MI,Michigan,US,United States,Estados Unidos,√?tats-Unis,48226,3.0,192.0.2.207
460,461.0,Holland,MI,Michigan,US,United States,Estados Unidos,√?tats-Unis,49423,3.0,192.0.2.208
461,462.0,Howell,MI,Michigan,US,United States,Estados Unidos,√?tats-Unis,48843,3.0,192.0.2.209
462,463.0,Madison Heights,MI,Michigan,US,United States,Estados Unidos,√?tats-Unis,48071,3.0,192.0.2.210
463,464.0,Midland,MI,Michigan,US,United States,Estados Unidos,√?tats-Unis,48640,3.0,192.0.2.211
464,465.0,Monroe,MI,Michigan,US,United States,Estados Unidos,√?tats-Unis,98272,3.0,192.0.2.212
465,466.0,Novi,MI,Michigan,US,United States,Estados Unidos,√?tats-Unis,48375,3.0,192.0.2.213
466,467.0,Pontiac,MI,Michigan,US,United States,Estados Unidos,√?tats-Unis,48342,3.0,192.0.2.214
467,468.0,Port Huron,MI,Michigan,US,United States,Estados Unidos,√?tats-Unis,48060,3.0,192.0.2.215
468,469.0,Redford,MI,Michigan,US,United States,Estados Unidos,√?tats-Unis,48239,3.0,192.0.2.216
469,470.0,Saginaw,MI,Michigan,US,United States,Estados Unidos,√?tats-Unis,48601,3.0,192.0.2.217
470,471.0,Southfield,MI,Michigan,US,United States,Estados Unidos,√?tats-Unis,48034,3.0,192.0.2.218
471,472.0,Southgate,MI,Michigan,US,United States,Estados Unidos,√?tats-Unis,48195,3.0,192.0.2.219
472,473.0,Westland,MI,Michigan,US,United States,Estados Unidos,√?tats-Unis,48185,3.0,192.0.2.220
473,474.0,Zeeland,MI,Michigan,US,United States,Estados Unidos,√?tats-Unis,49464,3.0,192.0.2.221
474,475.0,Branch,MN,Minnesota,US,United States,Estados Unidos,√?tats-Unis,55056,3.0,192.0.2.222
475,476.0,Duluth,MN,Minnesota,US,United States,Estados Unidos,√?tats-Unis,55802,3.0,192.0.2.223
476,477.0,Edina,MN,Minnesota,US,United States,Estados Unidos,√?tats-Unis,55436,3.0,192.0.2.224
477,478.0,Medford,MN,Minnesota,US,United States,Estados Unidos,√?tats-Unis,55049,3.0,192.0.2.225
478,479.0,Minneapolis,MN,Minnesota,US,United States,Estados Unidos,√?tats-Unis,55402,3.0,192.0.2.226
479,480.0,Woodbury,MN,Minnesota,US,United States,Estados Unidos,√?tats-Unis,55125,3.0,192.0.2.227
480,481.0,Branson,MO,Missouri,US,United States,Estados Unidos,√?tats-Unis,65616,3.0,192.0.2.228
481,482.0,Ferguson,MO,Missouri,US,United States,Estados Unidos,√?tats-Unis,63135,3.0,192.0.2.229
482,483.0,Jefferson City,MO,Missouri,US,United States,Estados Unidos,√?tats-Unis,65101,3.0,192.0.2.230
483,484.0,Kansas City,MO,Missouri,US,United States,Estados Unidos,√?tats-Unis,64106,3.0,192.0.2.231
484,485.0,Odessa,MO,Missouri,US,United States,Estados Unidos,√?tats-Unis,64076,3.0,192.0.2.232
485,486.0,Saint Ann,MO,Missouri,US,United States,Estados Unidos,√?tats-Unis,63074,3.0,192.0.2.233
486,487.0,Saint Louis,MO,Missouri,US,United States,Estados Unidos,√?tats-Unis,63103,3.0,192.0.2.234
487,488.0,Biloxi,MS,Mississippi,US,United States,Estados Unidos,√?tats-Unis,39530,5.0,192.0.2.235
488,489.0,Gulfport,MS,Mississippi,US,United States,Estados Unidos,√?tats-Unis,39501,5.0,192.0.2.236
489,490.0,Tupelo,MS,Mississippi,US,United States,Estados Unidos,√?tats-Unis,38804,5.0,192.0.2.237
490,491.0,Billings,MT,Montana,US,United States,Estados Unidos,√?tats-Unis,59101,1.0,192.0.2.238
491,492.0,Great Falls,MT,Montana,US,United States,Estados Unidos,√?tats-Unis,59401,1.0,192.0.2.239
492,493.0,Missoula,MT,Montana,US,United States,Estados Unidos,√?tats-Unis,59801,1.0,192.0.2.240
493,494.0,Charlotte,NC,North Carolina,US,United States,Estados Unidos,√?tats-Unis,28202,5.0,192.0.2.241
494,495.0,Greensboro,NC,North Carolina,US,United States,Estados Unidos,√?tats-Unis,27412,5.0,192.0.2.242
495,496.0,Kannapolis,NC,North Carolina,US,United States,Estados Unidos,√?tats-Unis,28081,5.0,192.0.2.243
496,497.0,Raleigh,NC,North Carolina,US,United States,Estados Unidos,√?tats-Unis,27603,5.0,192.0.2.244
497,498.0,Rocky Mount,NC,North Carolina,US,United States,Estados Unidos,√?tats-Unis,27803,5.0,192.0.2.245
498,499.0,Smithfield,NC,North Carolina,US,United States,Estados Unidos,√?tats-Unis,27577,5.0,192.0.2.246
499,500.0,Winston-Salem,NC,North Carolina,US,United States,Estados Unidos,√?tats-Unis,27104,5.0,192.0.2.247
500,501.0,Hooksett,NH,New Hampshire,US,United States,Estados Unidos,√?tats-Unis,03106,2.0,192.0.2.248
501,502.0,Nashua,NH,New Hampshire,US,United States,Estados Unidos,√?tats-Unis,03064,2.0,192.0.2.249
502,503.0,Plaistow,NH,New Hampshire,US,United States,Estados Unidos,√?tats-Unis,03865,2.0,192.0.2.250
503,504.0,Tilton,NH,New Hampshire,US,United States,Estados Unidos,√?tats-Unis,03276,2.0,192.0.2.251
504,505.0,Las Cruces,NM,New Mexico,US,United States,Estados Unidos,√?tats-Unis,88001,4.0,192.0.2.252
505,506.0,Rio Rancho,NM,New Mexico,US,United States,Estados Unidos,√?tats-Unis,87124,4.0,192.0.2.253
506,507.0,Santa Fe,NM,New Mexico,US,United States,Estados Unidos,√?tats-Unis,87501,4.0,192.0.2.254
507,508.0,Fernley,NV,Nevada,US,United States,Estados Unidos,√?tats-Unis,89408,1.0,203.0.113.1
508,509.0,Las Vegas,NV,Nevada,US,United States,Estados Unidos,√?tats-Unis,89106,1.0,203.0.113.2
509,510.0,North Las Vegas,NV,Nevada,US,United States,Estados Unidos,√?tats-Unis,89030,1.0,203.0.113.3
510,511.0,Reno,NV,Nevada,US,United States,Estados Unidos,√?tats-Unis,89502,1.0,203.0.113.4
511,512.0,Sparks,NV,Nevada,US,United States,Estados Unidos,√?tats-Unis,89431,1.0,203.0.113.5
512,513.0,Central Valley,NY,New York,US,United States,Estados Unidos,√?tats-Unis,10917,2.0,203.0.113.6
513,514.0,Cheektowaga,NY,New York,US,United States,Estados Unidos,√?tats-Unis,14227,2.0,203.0.113.7
514,515.0,Clay,NY,New York,US,United States,Estados Unidos,√?tats-Unis,13041,2.0,203.0.113.8
515,516.0,De Witt,NY,New York,US,United States,Estados Unidos,√?tats-Unis,13214,2.0,203.0.113.9
516,517.0,Endicott,NY,New York,US,United States,Estados Unidos,√?tats-Unis,13760,2.0,203.0.113.10
517,518.0,Ithaca,NY,New York,US,United States,Estados Unidos,√?tats-Unis,14850,2.0,203.0.113.11
518,519.0,Lake George,NY,New York,US,United States,Estados Unidos,√?tats-Unis,12845,2.0,203.0.113.12
519,520.0,Melville,NY,New York,US,United States,Estados Unidos,√?tats-Unis,11747,2.0,203.0.113.13
520,521.0,New Hartford,NY,New York,US,United States,Estados Unidos,√?tats-Unis,13413,2.0,203.0.113.14
521,522.0,New York,NY,New York,US,United States,Estados Unidos,√?tats-Unis,10007,2.0,203.0.113.15
522,523.0,Valley Stream,NY,New York,US,United States,Estados Unidos,√?tats-Unis,11580,2.0,203.0.113.16
523,524.0,Burbank,OH,Ohio,US,United States,Estados Unidos,√?tats-Unis,44214,2.0,203.0.113.17
524,525.0,Cincinnati,OH,Ohio,US,United States,Estados Unidos,√?tats-Unis,45202,2.0,203.0.113.18
525,526.0,Columbus,OH,Ohio,US,United States,Estados Unidos,√?tats-Unis,43215,2.0,203.0.113.19
526,527.0,Euclid,OH,Ohio,US,United States,Estados Unidos,√?tats-Unis,44119,2.0,203.0.113.20
527,528.0,Heath,OH,Ohio,US,United States,Estados Unidos,√?tats-Unis,43056,2.0,203.0.113.21
528,529.0,Holland,OH,Ohio,US,United States,Estados Unidos,√?tats-Unis,43528,2.0,203.0.113.22
529,530.0,Mansfield,OH,Ohio,US,United States,Estados Unidos,√?tats-Unis,44903,2.0,203.0.113.23
530,531.0,Mentor,OH,Ohio,US,United States,Estados Unidos,√?tats-Unis,44060,2.0,203.0.113.24
531,532.0,North Randall,OH,Ohio,US,United States,Estados Unidos,√?tats-Unis,44128,2.0,203.0.113.25
532,533.0,Oberlin,OH,Ohio,US,United States,Estados Unidos,√?tats-Unis,44074,2.0,203.0.113.26
533,534.0,Springdale,OH,Ohio,US,United States,Estados Unidos,√?tats-Unis,45246,2.0,203.0.113.27
534,535.0,Albany,OR,Oregon,US,United States,Estados Unidos,√?tats-Unis,97321,1.0,203.0.113.28
535,536.0,Beaverton,OR,Oregon,US,United States,Estados Unidos,√?tats-Unis,97005,1.0,203.0.113.29
536,537.0,Clackamas,OR,Oregon,US,United States,Estados Unidos,√?tats-Unis,97015,1.0,203.0.113.30
537,538.0,Clackamas,OR,Oregon,US,United States,Estados Unidos,√?tats-Unis,97015-6403,1.0,203.0.113.31
538,539.0,Corvallis,OR,Oregon,US,United States,Estados Unidos,√?tats-Unis,97330,1.0,203.0.113.32
539,540.0,Hillsboro,OR,Oregon,US,United States,Estados Unidos,√?tats-Unis,97123,1.0,203.0.113.33
540,541.0,Klamath Falls,OR,Oregon,US,United States,Estados Unidos,√?tats-Unis,97601,1.0,203.0.113.34
541,542.0,Lake Oswego,OR,Oregon,US,United States,Estados Unidos,√?tats-Unis,97034,1.0,203.0.113.35
542,543.0,Lebanon,OR,Oregon,US,United States,Estados Unidos,√?tats-Unis,97355,1.0,203.0.113.36
543,544.0,Medford,OR,Oregon,US,United States,Estados Unidos,√?tats-Unis,97504,1.0,203.0.113.37
544,545.0,Milwaukie,OR,Oregon,US,United States,Estados Unidos,√?tats-Unis,97222,1.0,203.0.113.38
545,546.0,Oregon City,OR,Oregon,US,United States,Estados Unidos,√?tats-Unis,97045,1.0,203.0.113.39
546,547.0,Portland,OR,Oregon,US,United States,Estados Unidos,√?tats-Unis,97205,1.0,203.0.113.40
547,548.0,Salem,OR,Oregon,US,United States,Estados Unidos,√?tats-Unis,97301,1.0,203.0.113.41
548,549.0,Springfield,OR,Oregon,US,United States,Estados Unidos,√?tats-Unis,97477,1.0,203.0.113.42
549,550.0,Tigard,OR,Oregon,US,United States,Estados Unidos,√?tats-Unis,97223,1.0,203.0.113.43
550,551.0,Troutdale,OR,Oregon,US,United States,Estados Unidos,√?tats-Unis,97060,1.0,203.0.113.44
551,552.0,W. Linn,OR,Oregon,US,United States,Estados Unidos,√?tats-Unis,97068,1.0,203.0.113.45
552,553.0,Woodburn,OR,Oregon,US,United States,Estados Unidos,√?tats-Unis,97071,1.0,203.0.113.46
553,554.0,Warwick,RI,Rhode Island,US,United States,Estados Unidos,√?tats-Unis,02889,2.0,203.0.113.47
554,555.0,West Kingston,RI,Rhode Island,US,United States,Estados Unidos,√?tats-Unis,02892,2.0,203.0.113.48
555,556.0,Woonsocket,RI,Rhode Island,US,United States,Estados Unidos,√?tats-Unis,02895,2.0,203.0.113.49
556,557.0,Bluffton,SC,South Carolina,US,United States,Estados Unidos,√?tats-Unis,29910,5.0,203.0.113.50
557,558.0,Gaffney,SC,South Carolina,US,United States,Estados Unidos,√?tats-Unis,29340,5.0,203.0.113.51
558,559.0,Myrtle Beach,SC,South Carolina,US,United States,Estados Unidos,√?tats-Unis,29577,5.0,203.0.113.52
559,560.0,Denby,SD,South Dakota,US,United States,Estados Unidos,√?tats-Unis,57716,3.0,203.0.113.53
560,561.0,North Sioux City,SD,South Dakota,US,United States,Estados Unidos,√?tats-Unis,57049,3.0,203.0.113.54
561,562.0,Crossville,TN,Tennessee,US,United States,Estados Unidos,√?tats-Unis,38555,5.0,203.0.113.55
562,563.0,Hixson,TN,Tennessee,US,United States,Estados Unidos,√?tats-Unis,37343,5.0,203.0.113.56
563,564.0,Kingsport,TN,Tennessee,US,United States,Estados Unidos,√?tats-Unis,37660,5.0,203.0.113.57
564,565.0,La Vergne,TN,Tennessee,US,United States,Estados Unidos,√?tats-Unis,37086,5.0,203.0.113.58
565,566.0,Maryville,TN,Tennessee,US,United States,Estados Unidos,√?tats-Unis,37801,5.0,203.0.113.59
566,567.0,Memphis,TN,Tennessee,US,United States,Estados Unidos,√?tats-Unis,38103,5.0,203.0.113.60
567,568.0,Millington,TN,Tennessee,US,United States,Estados Unidos,√?tats-Unis,38054,5.0,203.0.113.61
568,569.0,Nashville,TN,Tennessee,US,United States,Estados Unidos,√?tats-Unis,37203,5.0,203.0.113.62
569,570.0,Pigeon Forge,TN,Tennessee,US,United States,Estados Unidos,√?tats-Unis,37863,5.0,203.0.113.63
570,571.0,Arlington,TX,Texas,US,United States,Estados Unidos,√?tats-Unis,76010,4.0,203.0.113.64
571,572.0,Austin,TX,Texas,US,United States,Estados Unidos,√?tats-Unis,78701,4.0,203.0.113.65
572,573.0,Baytown,TX,Texas,US,United States,Estados Unidos,√?tats-Unis,77520,4.0,203.0.113.66
573,574.0,Carrollton,TX,Texas,US,United States,Estados Unidos,√?tats-Unis,75006,4.0,203.0.113.67
574,575.0,Cedar Park,TX,Texas,US,United States,Estados Unidos,√?tats-Unis,78613,4.0,203.0.113.68
575,576.0,College Station,TX,Texas,US,United States,Estados Unidos,√?tats-Unis,77840,4.0,203.0.113.69
576,577.0,Corpus Christi,TX,Texas,US,United States,Estados Unidos,√?tats-Unis,78404,4.0,203.0.113.70
577,578.0,Dallas,TX,Texas,US,United States,Estados Unidos,√?tats-Unis,75201,4.0,203.0.113.71
578,579.0,Fort Worth,TX,Texas,US,United States,Estados Unidos,√?tats-Unis,76102,4.0,203.0.113.72
579,580.0,Garland,TX,Texas,US,United States,Estados Unidos,√?tats-Unis,75040,4.0,203.0.113.73
580,581.0,Hillsboro,TX,Texas,US,United States,Estados Unidos,√?tats-Unis,76645,4.0,203.0.113.74
581,582.0,Houston,TX,Texas,US,United States,Estados Unidos,√?tats-Unis,77003,4.0,203.0.113.75
582,583.0,Humble,TX,Texas,US,United States,Estados Unidos,√?tats-Unis,77338,4.0,203.0.113.76
583,584.0,Irving,TX,Texas,US,United States,Estados Unidos,√?tats-Unis,75061,4.0,203.0.113.77
584,585.0,Killeen,TX,Texas,US,United States,Estados Unidos,√?tats-Unis,76541,4.0,203.0.113.78
585,586.0,La Marque,TX,Texas,US,United States,Estados Unidos,√?tats-Unis,77568,4.0,203.0.113.79
586,587.0,Laredo,TX,Texas,US,United States,Estados Unidos,√?tats-Unis,78040,4.0,203.0.113.80
587,588.0,Mesquite,TX,Texas,US,United States,Estados Unidos,√?tats-Unis,75149,4.0,203.0.113.81
588,589.0,Plano,TX,Texas,US,United States,Estados Unidos,√?tats-Unis,75074,4.0,203.0.113.82
589,590.0,Round Rock,TX,Texas,US,United States,Estados Unidos,√?tats-Unis,78664,4.0,203.0.113.83
590,591.0,San Antonio,TX,Texas,US,United States,Estados Unidos,√?tats-Unis,78204,4.0,203.0.113.84
591,592.0,Stafford,TX,Texas,US,United States,Estados Unidos,√?tats-Unis,77477,4.0,203.0.113.85
592,593.0,Sugar Land,TX,Texas,US,United States,Estados Unidos,√?tats-Unis,77478,4.0,203.0.113.86
593,594.0,Bountiful,UT,Utah,US,United States,Estados Unidos,√?tats-Unis,84010,1.0,203.0.113.87
594,595.0,Cedar City,UT,Utah,US,United States,Estados Unidos,√?tats-Unis,84720,1.0,203.0.113.88
595,596.0,Ogden,UT,Utah,US,United States,Estados Unidos,√?tats-Unis,84401,1.0,203.0.113.89
596,597.0,Park City,UT,Utah,US,United States,Estados Unidos,√?tats-Unis,84098,1.0,203.0.113.90
597,598.0,Riverton,UT,Utah,US,United States,Estados Unidos,√?tats-Unis,84065,1.0,203.0.113.91
598,599.0,Salt Lake City,UT,Utah,US,United States,Estados Unidos,√?tats-Unis,84101,1.0,203.0.113.92
599,600.0,Sandy,UT,Utah,US,United States,Estados Unidos,√?tats-Unis,84070,1.0,203.0.113.93
600,601.0,Tooele,UT,Utah,US,United States,Estados Unidos,√?tats-Unis,84074,1.0,203.0.113.94
601,602.0,Chantilly,VA,Virginia,US,United States,Estados Unidos,√?tats-Unis,20151,5.0,203.0.113.95
602,603.0,Falls Church,VA,Virginia,US,United States,Estados Unidos,√?tats-Unis,22046,5.0,203.0.113.96
603,604.0,Leesburg,VA,Virginia,US,United States,Estados Unidos,√?tats-Unis,20176,5.0,203.0.113.97
604,605.0,Newport News,VA,Virginia,US,United States,Estados Unidos,√?tats-Unis,23607,5.0,203.0.113.98
605,606.0,Virginia Beach,VA,Virginia,US,United States,Estados Unidos,√?tats-Unis,23451,5.0,203.0.113.99
606,607.0,Ballard,WA,Washington,US,United States,Estados Unidos,√?tats-Unis,98107,1.0,203.0.113.100
607,608.0,Bellevue,WA,Washington,US,United States,Estados Unidos,√?tats-Unis,98004,1.0,203.0.113.101
608,609.0,Bellingham,WA,Washington,US,United States,Estados Unidos,√?tats-Unis,98225,1.0,203.0.113.102
609,610.0,Bothell,WA,Washington,US,United States,Estados Unidos,√?tats-Unis,98011,1.0,203.0.113.103
610,611.0,Bremerton,WA,Washington,US,United States,Estados Unidos,√?tats-Unis,98312,1.0,203.0.113.104
611,612.0,Burien,WA,Washington,US,United States,Estados Unidos,√?tats-Unis,98168,1.0,203.0.113.105
612,613.0,Chehalis,WA,Washington,US,United States,Estados Unidos,√?tats-Unis,98532,1.0,203.0.113.106
613,614.0,Edmonds,WA,Washington,US,United States,Estados Unidos,√?tats-Unis,98020,1.0,203.0.113.107
614,615.0,Ellensburg,WA,Washington,US,United States,Estados Unidos,√?tats-Unis,98926,1.0,203.0.113.108
615,616.0,Everett,WA,Washington,US,United States,Estados Unidos,√?tats-Unis,98201,1.0,203.0.113.109
616,617.0,Federal Way,WA,Washington,US,United States,Estados Unidos,√?tats-Unis,98003,1.0,203.0.113.110
617,618.0,Issaquah,WA,Washington,US,United States,Estados Unidos,√?tats-Unis,98027,1.0,203.0.113.111
618,619.0,Kelso,WA,Washington,US,United States,Estados Unidos,√?tats-Unis,98626,1.0,203.0.113.112
619,620.0,Kenmore,WA,Washington,US,United States,Estados Unidos,√?tats-Unis,98028,1.0,203.0.113.113
620,621.0,Kennewick,WA,Washington,US,United States,Estados Unidos,√?tats-Unis,99337,1.0,203.0.113.114
621,622.0,Kent,WA,Washington,US,United States,Estados Unidos,√?tats-Unis,98031,1.0,203.0.113.115
622,623.0,Kirkland,WA,Washington,US,United States,Estados Unidos,√?tats-Unis,98033,1.0,203.0.113.116
623,624.0,Lacey,WA,Washington,US,United States,Estados Unidos,√?tats-Unis,98503,1.0,203.0.113.117
624,625.0,Longview,WA,Washington,US,United States,Estados Unidos,√?tats-Unis,98632,1.0,203.0.113.118
625,626.0,Lynnwood,WA,Washington,US,United States,Estados Unidos,√?tats-Unis,98036,1.0,203.0.113.119
626,627.0,Marysville,WA,Washington,US,United States,Estados Unidos,√?tats-Unis,98270,1.0,203.0.113.120
627,628.0,Monroe,WA,Washington,US,United States,Estados Unidos,√?tats-Unis,98272,1.0,203.0.113.121
628,629.0,Newport Hills,WA,Washington,US,United States,Estados Unidos,√?tats-Unis,98006,1.0,203.0.113.122
629,630.0,North Bend,WA,Washington,US,United States,Estados Unidos,√?tats-Unis,98045,1.0,203.0.113.123
630,631.0,Olympia,WA,Washington,US,United States,Estados Unidos,√?tats-Unis,98501,1.0,203.0.113.124
631,632.0,Port Orchard,WA,Washington,US,United States,Estados Unidos,√?tats-Unis,98366,1.0,203.0.113.125
632,633.0,Puyallup,WA,Washington,US,United States,Estados Unidos,√?tats-Unis,98371,1.0,203.0.113.126
633,634.0,Redmond,WA,Washington,US,United States,Estados Unidos,√?tats-Unis,98052,1.0,203.0.113.127
634,635.0,Renton,WA,Washington,US,United States,Estados Unidos,√?tats-Unis,98055,1.0,203.0.113.128
635,636.0,Sammamish,WA,Washington,US,United States,Estados Unidos,√?tats-Unis,98074,1.0,203.0.113.129
636,637.0,Seattle,WA,Washington,US,United States,Estados Unidos,√?tats-Unis,98104,1.0,203.0.113.130
637,638.0,Sedro Woolley,WA,Washington,US,United States,Estados Unidos,√?tats-Unis,98284,1.0,203.0.113.131
638,639.0,Sequim,WA,Washington,US,United States,Estados Unidos,√?tats-Unis,98382,1.0,203.0.113.132
639,640.0,Shelton,WA,Washington,US,United States,Estados Unidos,√?tats-Unis,98584,1.0,203.0.113.133
640,641.0,Spokane,WA,Washington,US,United States,Estados Unidos,√?tats-Unis,99202,1.0,203.0.113.134
641,642.0,Tacoma,WA,Washington,US,United States,Estados Unidos,√?tats-Unis,98403,1.0,203.0.113.135
642,643.0,Union Gap,WA,Washington,US,United States,Estados Unidos,√?tats-Unis,98903,1.0,203.0.113.136
643,644.0,Walla Walla,WA,Washington,US,United States,Estados Unidos,√?tats-Unis,99362,1.0,203.0.113.137
644,645.0,Washougal,WA,Washington,US,United States,Estados Unidos,√?tats-Unis,98671,1.0,203.0.113.138
645,646.0,Wenatchee,WA,Washington,US,United States,Estados Unidos,√?tats-Unis,98801,1.0,203.0.113.139
646,647.0,Woodinville,WA,Washington,US,United States,Estados Unidos,√?tats-Unis,98072,1.0,203.0.113.140
647,648.0,Yakima,WA,Washington,US,United States,Estados Unidos,√?tats-Unis,98901,1.0,203.0.113.141
648,649.0,Johnson Creek,WI,Wisconsin,US,United States,Estados Unidos,√?tats-Unis,53038,3.0,203.0.113.142
649,650.0,Milwaukee,WI,Wisconsin,US,United States,Estados Unidos,√?tats-Unis,53202,3.0,203.0.113.143
650,651.0,Mosinee,WI,Wisconsin,US,United States,Estados Unidos,√?tats-Unis,54455,3.0,203.0.113.144
651,652.0,Racine,WI,Wisconsin,US,United States,Estados Unidos,√?tats-Unis,53182,3.0,203.0.113.145
652,653.0,Casper,WY,Wyoming,US,United States,Estados Unidos,√?tats-Unis,82601,1.0,203.0.113.146
653,654.0,Cheyenne,WY,Wyoming,US,United States,Estados Unidos,√?tats-Unis,82001,1.0,203.0.113.147
654,655.0,Rock Springs,WY,Wyoming,US,United States,Estados Unidos,√?tats-Unis,82901,1.0,203.0.113.148
